start_date,bike_nr,Occupancy-of-Bikes,Occupancy-Users
2011 August 01,788.0,0.02820733104238259,0.061833019460138104
2011 August 02,661.0,0.02366122565864834,0.05186754551161331
2011 August 03,910.0,0.03257445589919817,0.07140615191462649
2011 August 04,1168.0,0.0418098510882016,0.09165097300690521
2011 August 05,1614.0,0.05777491408934708,0.1266478342749529
2011 August 06,1621.0,0.05802548682703322,0.1271971123666039
2011 August 07,573.0,0.020511168384879725,0.0449623352165725
2011 August 08,945.0,0.033827319587628864,0.07415254237288135
2011 August 09,971.0,0.03475801832760596,0.07619271814187069
2011 August 10,1060.0,0.0379438717067583,0.08317639673571876
2011 August 11,1426.0,0.05104524627720504,0.11189579409918393
2011 August 12,1486.0,0.05319301260022909,0.11660389202762084
2011 August 13,1742.0,0.062356815578465064,0.136691776522285
2011 August 14,1078.0,0.03858820160366552,0.08458882611424984
2011 August 15,146.0,0.0052262313860252,0.011456371625863151
2011 August 16,1020.0,0.03651202749140894,0.0800376647834275
2011 August 17,1495.0,0.0535151775486827,0.11731010671688638
2011 August 18,1473.0,0.05272766323024055,0.11558380414312618
2011 August 19,1114.0,0.03987686139747995,0.08741368487131199
2011 August 20,1631.0,0.05838344788087056,0.12798179535467671
2011 August 21,1445.0,0.05172537227949599,0.11338669177652229
2011 August 22,1386.0,0.04961340206185567,0.10875706214689265
2011 August 23,1561.0,0.055877720504009167,0.12248901443816698
2011 August 24,1560.0,0.05584192439862543,0.1224105461393597
2011 August 25,1153.0,0.04127290950744559,0.09047394852479598
2011 August 26,1494.0,0.053479381443298966,0.1172316384180791
2011 August 27,664.0,0.02376861397479954,0.052102950408035156
2011 August 28,40.0,0.0014318442153493699,0.003138731952291274
2011 August 29,1463.0,0.05236970217640321,0.11479912115505336
2011 August 30,1497.0,0.05358676975945017,0.11746704331450095
2011 August 31,1435.0,0.051367411225658646,0.11260200878844946
2011 July 28,424.0,0.015177548682703322,0.03327055869428751
2011 July 29,536.0,0.01918671248568156,0.04205900816070308
2011 July 30,800.0,0.0286368843069874,0.06277463904582549
2011 July 31,1007.0,0.036046678121420386,0.07901757689893284
2011 November 01,1102.0,0.03944730813287514,0.08647206528562461
2011 November 02,1104.0,0.03951890034364261,0.08662900188323917
2011 November 03,1173.0,0.04198883161512027,0.09204331450094162
2011 November 04,1113.0,0.03984106529209622,0.0873352165725047
2011 November 05,807.0,0.02888745704467354,0.06332391713747645
2011 November 06,870.0,0.031142611683848798,0.06826741996233522
2011 November 07,1248.0,0.044673539518900345,0.09792843691148775
2011 November 08,1356.0,0.048539518900343644,0.1064030131826742
2011 November 09,1421.0,0.05086626575028637,0.11150345260514752
2011 November 10,649.0,0.02323167239404353,0.05092592592592592
2011 November 11,940.0,0.03364833906071019,0.07376020087884495
2011 November 12,906.0,0.03243127147766323,0.07109227871939737
2011 November 13,887.0,0.03175114547537228,0.06960138104205901
2011 November 14,1141.0,0.04084335624284078,0.0895323289391086
2011 November 15,1271.0,0.04549684994272623,0.09973320778405524
2011 November 16,655.0,0.023446449026345934,0.05139673571876962
2011 November 17,739.0,0.02645332187857961,0.057988072818581295
2011 November 18,896.0,0.032073310423825885,0.07030759573132454
2011 November 19,680.0,0.02434135166093929,0.053358443188951665
2011 November 20,998.0,0.03572451317296678,0.07831136220966729
2011 November 21,889.0,0.031822737686139746,0.06975831763967358
2011 November 22,811.0,0.029030641466208477,0.06363779033270558
2011 November 23,207.0,0.007409793814432989,0.016242937853107344
2011 November 24,236.0,0.008447880870561282,0.018518518518518517
2011 November 25,495.0,0.017719072164948453,0.03884180790960452
2011 November 26,580.0,0.020761741122565864,0.04551161330822348
2011 November 27,447.0,0.01600085910652921,0.03507532956685499
2011 November 28,611.0,0.021871420389461625,0.047944130571249216
2011 November 29,544.0,0.019473081328751432,0.04268675455116133
2011 November 30,362.0,0.0129581901489118,0.028405524168236034
2011 October 01,1053.0,0.03769329896907216,0.0826271186440678
2011 October 02,1026.0,0.03672680412371134,0.08050847457627118
2011 October 03,1253.0,0.044852520045819015,0.09832077840552417
2011 October 04,1010.0,0.036154066437571596,0.07925298179535467
2011 October 05,1314.0,0.047036082474226804,0.10310734463276836
2011 October 06,1279.0,0.0457832187857961,0.1003609541745135
2011 October 07,1619.0,0.05795389461626575,0.12704017576898932
2011 October 08,1873.0,0.06704610538373425,0.14697112366603893
2011 October 09,2126.0,0.07610252004581901,0.16682360326428122
2011 October 10,1812.0,0.06486254295532647,0.14218455743879474
2011 October 11,1625.0,0.05816867124856816,0.12751098556183302
2011 October 12,1394.0,0.04989977090492555,0.10938480853735091
2011 October 13,606.0,0.021692439862542955,0.0475517890772128
2011 October 14,780.0,0.027920962199312716,0.06120527306967985
2011 October 15,1418.0,0.050758877434135166,0.11126804770872567
2011 October 16,1381.0,0.049434421534937,0.10836472065285625
2011 October 17,1426.0,0.05104524627720504,0.11189579409918393
2011 October 18,1459.0,0.05222651775486827,0.11448524795982423
2011 October 19,440.0,0.01575028636884307,0.03452605147520402
2011 October 20,1258.0,0.045031500572737686,0.09871311989956058
2011 October 21,1627.0,0.058240263459335626,0.12766792215944758
2011 October 22,1498.0,0.0536225658648339,0.11754551161330823
2011 October 23,1205.0,0.04313430698739977,0.09455430006277464
2011 October 24,1287.0,0.04606958762886598,0.10098870056497175
2011 October 25,1293.0,0.04628436426116839,0.10145951035781545
2011 October 26,853.0,0.030534077892325314,0.06693345888261143
2011 October 27,212.0,0.007588774341351661,0.016635279347143754
2011 October 28,989.0,0.03540234822451317,0.07760514752040176
2011 October 29,311.0,0.011132588774341352,0.02440364092906466
2011 October 30,217.0,0.007767754868270332,0.017027620841180164
2011 October 31,967.0,0.03461483390607102,0.07587884494664156
2011 September 02,1416.0,0.0506872852233677,0.1111111111111111
2011 September 03,1478.0,0.05290664375715922,0.11597614563716259
2011 September 04,1605.0,0.05745274914089347,0.1259416195856874
2011 September 05,1627.0,0.058240263459335626,0.12766792215944758
2011 September 06,546.0,0.0195446735395189,0.0428436911487759
2011 September 07,374.0,0.013387743413516609,0.029347143753923416
2011 September 08,682.0,0.02441294387170676,0.05351537978656623
2011 September 09,1435.0,0.051367411225658646,0.11260200878844946
2011 September 10,1686.0,0.060352233676975946,0.1322975517890772
2011 September 11,1799.0,0.06439719358533791,0.14116446955430006
2011 September 12,1442.0,0.051617983963344785,0.11315128688010044
2011 September 13,1513.0,0.05415950744558992,0.11872253609541746
2011 September 14,1435.0,0.051367411225658646,0.11260200878844946
2011 September 15,1347.0,0.04821735395189004,0.10569679849340867
2011 September 16,1627.0,0.058240263459335626,0.12766792215944758
2011 September 17,1464.0,0.05240549828178694,0.11487758945386065
2011 September 18,1325.0,0.04742983963344788,0.10397049591964846
2011 September 19,1471.0,0.05265607101947308,0.11542686754551161
2011 September 20,1137.0,0.04070017182130584,0.08921845574387947
2011 September 21,1613.0,0.05773911798396335,0.12656936597614563
2011 September 22,1158.0,0.04145189003436426,0.0908662900188324
2011 September 23,965.0,0.03454324169530355,0.07572190834902699
2011 September 24,1271.0,0.04549684994272623,0.09973320778405524
2011 September 25,1390.0,0.049756586483390604,0.10907093534212178
2011 September 26,1584.0,0.05670103092783505,0.12429378531073447
2011 September 27,1686.0,0.060352233676975946,0.1322975517890772
2011 September 28,1631.0,0.05838344788087056,0.12798179535467671
2011 September 29,948.0,0.033934707903780066,0.0743879472693032
2011 September 30,1730.0,0.061927262313860254,0.13575015693659762
2012 April 01,778.0,0.027849369988545248,0.061048336472065284
2012 April 02,1002.0,0.035867697594501716,0.07862523540489642
2012 April 03,1350.0,0.04832474226804124,0.1059322033898305
2012 April 04,1428.0,0.05111683848797251,0.1120527306967985
2012 April 05,1356.0,0.048539518900343644,0.1064030131826742
2012 April 06,1427.0,0.05108104238258877,0.11197426239799121
2012 April 07,1009.0,0.036118270332187855,0.07917451349654739
2012 April 08,838.0,0.029997136311569302,0.0657564344005022
2012 April 09,1233.0,0.04413659793814433,0.09675141242937853
2012 April 10,1524.0,0.054553264604811,0.11958568738229755
2012 April 11,1460.0,0.052262313860252006,0.11456371625863151
2012 April 12,926.0,0.033147193585337915,0.072661644695543
2012 April 13,1710.0,0.061211340206185565,0.134180790960452
2012 April 14,2298.0,0.0822594501718213,0.1803201506591337
2012 April 15,2243.0,0.08029066437571593,0.1760043942247332
2012 April 16,2030.0,0.07266609392898053,0.15929064657878217
2012 April 17,1978.0,0.07080469644902634,0.15521029504080353
2012 April 18,1637.0,0.05859822451317297,0.1284526051475204
2012 April 19,1974.0,0.07066151202749141,0.1548964218455744
2012 April 20,2028.0,0.07259450171821306,0.1591337099811676
2012 April 21,2169.0,0.07764175257731959,0.17019774011299435
2012 April 22,512.0,0.018327605956471937,0.040175768989328314
2012 April 23,707.0,0.025307846506300115,0.05547708725674828
2012 April 24,1549.0,0.05544816723940435,0.1215473948524796
2012 April 25,1627.0,0.058240263459335626,0.12766792215944758
2012 April 26,1642.0,0.05877720504009164,0.12884494664155682
2012 April 27,1454.0,0.0520475372279496,0.11409290646578782
2012 April 28,1374.0,0.04918384879725086,0.10781544256120527
2012 April 29,1524.0,0.054553264604811,0.11958568738229755
2012 April 30,1703.0,0.060960767468499426,0.133631512868801
2012 August 01,2023.0,0.0724155211912944,0.1587413684871312
2012 August 02,2712.0,0.09707903780068729,0.2128060263653484
2012 August 03,2425.0,0.08680555555555555,0.1902856246076585
2012 August 04,2424.0,0.08676975945017182,0.1902071563088512
2012 August 05,2078.0,0.07438430698739977,0.1630571249215317
2012 August 06,2747.0,0.09833190148911798,0.21555241682360327
2012 August 07,2982.0,0.10674398625429553,0.2339924670433145
2012 August 08,2998.0,0.10731672394043527,0.23524795982423102
2012 August 09,2802.0,0.10030068728522337,0.21986817325800376
2012 August 10,2028.0,0.07259450171821306,0.1591337099811676
2012 August 11,2474.0,0.08855956471935854,0.19413057124921532
2012 August 12,2500.0,0.08949026345933563,0.19617074701820464
2012 August 13,2919.0,0.10448883161512028,0.22904896421845575
2012 August 14,3172.0,0.11354524627720504,0.24890144381669804
2012 August 15,2413.0,0.08637600229095074,0.18934400502197113
2012 August 16,3065.0,0.10971506300114547,0.2405053358443189
2012 August 17,2989.0,0.10699455899198167,0.23454174513496548
2012 August 18,1894.0,0.06779782359679266,0.14861895794099184
2012 August 19,2728.0,0.09765177548682703,0.21406151914626492
2012 August 20,2922.0,0.10459621993127148,0.2292843691148776
2012 August 21,3218.0,0.11519186712485681,0.25251098556183305
2012 August 22,3250.0,0.11633734249713631,0.25502197112366604
2012 August 23,3057.0,0.1094286941580756,0.23987758945386065
2012 August 24,3091.0,0.11064576174112256,0.24254551161330823
2012 August 25,3503.0,0.12539375715922108,0.27487445072190836
2012 August 26,2799.0,0.10019329896907217,0.2196327683615819
2012 August 27,2803.0,0.1003364833906071,0.21994664155681104
2012 August 28,2303.0,0.08243843069873998,0.18071249215317012
2012 August 29,3107.0,0.11121849942726231,0.24380100439422472
2012 August 30,3036.0,0.10867697594501718,0.2382297551789077
2012 August 31,2921.0,0.10456042382588775,0.2292059008160703
2012 July 01,2053.0,0.07348940435280642,0.16109541745134964
2012 July 02,2418.0,0.08655498281786941,0.18973634651600754
2012 July 03,2616.0,0.0936426116838488,0.20527306967984935
2012 July 04,2627.0,0.09403636884306987,0.20613622096672943
2012 July 05,2314.0,0.08283218785796105,0.18157564344005023
2012 July 06,2440.0,0.08734249713631156,0.19146264908976773
2012 July 07,1920.0,0.06872852233676977,0.15065913370998116
2012 July 08,1958.0,0.07008877434135166,0.15364092906465787
2012 July 09,2679.0,0.09589776632302406,0.2102165725047081
2012 July 10,2608.0,0.09335624284077892,0.20464532328939108
2012 July 11,2579.0,0.09231815578465064,0.20236974262397991
2012 July 12,2563.0,0.09174541809851088,0.2011142498430634
2012 July 13,2453.0,0.08780784650630011,0.1924827369742624
2012 July 14,2074.0,0.07424112256586483,0.16274325172630258
2012 July 15,1705.0,0.061032359679266894,0.13378844946641558
2012 July 16,2305.0,0.08251002290950744,0.18086942875078468
2012 July 17,2208.0,0.07903780068728522,0.17325800376647835
2012 July 18,1648.0,0.05899198167239404,0.1293157564344005
2012 July 19,2663.0,0.0953250286368843,0.20896107972379158
2012 July 20,2546.0,0.0911368843069874,0.19978028876333961
2012 July 21,2513.0,0.08995561282932417,0.1971908349026993
2012 July 22,2187.0,0.0782860824742268,0.1716101694915254
2012 July 23,2200.0,0.07875143184421535,0.17263025737602009
2012 July 24,2150.0,0.07696162657502864,0.168706842435656
2012 July 25,2593.0,0.09281930126002291,0.20346829880728184
2012 July 26,2176.0,0.07789232531500573,0.17074701820464533
2012 July 27,2080.0,0.07445589919816724,0.16321406151914628
2012 July 28,1497.0,0.05358676975945017,0.11746704331450095
2012 July 29,1638.0,0.0586340206185567,0.1285310734463277
2012 July 30,2782.0,0.09958476517754868,0.21829880728185813
2012 July 31,2255.0,0.08072021764032074,0.17694601381042058
2012 June 01,2279.0,0.08157932416953036,0.17882925298179536
2012 June 02,358.0,0.012815005727376861,0.028091650973006907
2012 June 03,1058.0,0.037872279495990833,0.08301946013810421
2012 June 04,663.0,0.023732817869415807,0.052024482109227874
2012 June 05,1465.0,0.05244129438717068,0.11495605775266793
2012 June 06,2012.0,0.0720217640320733,0.1578782172002511
2012 June 07,2143.0,0.0767110538373425,0.16815756434400503
2012 June 08,1880.0,0.06729667812142039,0.1475204017576899
2012 June 09,2096.0,0.07502863688430698,0.16446955430006277
2012 June 10,2093.0,0.07492124856815578,0.16423414940364092
2012 June 11,2233.0,0.07993270332187857,0.17521971123666039
2012 June 12,2344.0,0.08390607101947307,0.18392969240426868
2012 June 13,733.0,0.026238545246277205,0.0575172630257376
2012 June 14,2414.0,0.08641179839633448,0.1894224733207784
2012 June 15,2503.0,0.08959765177548683,0.1964061519146265
2012 June 16,1563.0,0.055949312714776635,0.12264595103578155
2012 June 17,1841.0,0.06590063001145476,0.1444601381042059
2012 June 18,2388.0,0.08548109965635739,0.1873822975517891
2012 June 19,2333.0,0.083512313860252,0.18306654111738857
2012 June 20,2094.0,0.07495704467353952,0.1643126177024482
2012 June 21,1912.0,0.06844215349369989,0.15003138731952292
2012 June 22,1731.0,0.06196305841924399,0.1358286252354049
2012 June 23,1555.0,0.055662943871706755,0.12201820464532329
2012 June 24,2115.0,0.07570876288659793,0.16596045197740114
2012 June 25,1679.0,0.06010166093928981,0.13174827369742623
2012 June 26,2099.0,0.07513602520045819,0.16470495919648462
2012 June 27,2199.0,0.07871563573883161,0.1725517890772128
2012 June 28,2262.0,0.08097079037800688,0.17749529190207156
2012 June 29,1974.0,0.07066151202749141,0.1548964218455744
2012 June 30,1963.0,0.07026775486827033,0.15403327055869429
2012 March 13,1.0,3.579610538373425e-05,7.846829880728186e-05
2012 March 15,348.0,0.01245704467353952,0.027306967984934087
2012 March 16,284.0,0.010166093928980527,0.022284996861268048
2012 March 17,496.0,0.017754868270332187,0.0389202762084118
2012 March 18,1068.0,0.03823024054982818,0.08380414312617702
2012 March 19,679.0,0.024305555555555556,0.05327997489014438
2012 March 20,866.0,0.03099942726231386,0.06795354676710609
2012 March 21,1136.0,0.04066437571592211,0.08913998744507219
2012 March 22,1371.0,0.049076460481099655,0.10758003766478343
2012 March 23,1572.0,0.05627147766323024,0.12335216572504708
2012 March 24,1057.0,0.0378364833906071,0.08294099183929693
2012 March 25,485.0,0.017361111111111112,0.0380571249215317
2012 March 26,765.0,0.0273840206185567,0.06002824858757062
2012 March 27,796.0,0.028493699885452462,0.06246076585059636
2012 March 28,840.0,0.03006872852233677,0.06591337099811675
2012 March 29,921.0,0.032968213058419245,0.0722693032015066
2012 March 30,1118.0,0.04002004581901489,0.08772755806654112
2012 March 31,643.0,0.023016895761741124,0.050455116133082234
2012 May 01,507.0,0.018148625429553266,0.0397834274952919
2012 May 02,1529.0,0.05473224513172967,0.11997802887633396
2012 May 03,1214.0,0.04345647193585338,0.09526051475204017
2012 May 04,1482.0,0.05304982817869416,0.11629001883239172
2012 May 05,1401.0,0.050150343642611686,0.10993408662900188
2012 May 06,1269.0,0.04542525773195876,0.09957627118644068
2012 May 07,1862.0,0.06665234822451317,0.14610797237915882
2012 May 08,857.0,0.03067726231386025,0.06724733207784055
2012 May 09,1024.0,0.03665521191294387,0.08035153797865663
2012 May 10,1220.0,0.04367124856815578,0.09573132454488387
2012 May 11,1961.0,0.07019616265750286,0.15387633396107972
2012 May 12,2188.0,0.07832187857961054,0.1716886377903327
2012 May 13,1823.0,0.06525630011454754,0.14304770872567482
2012 May 14,1423.0,0.05093785796105384,0.11166038920276208
2012 May 15,1356.0,0.048539518900343644,0.1064030131826742
2012 May 16,1463.0,0.05236970217640321,0.11479912115505336
2012 May 17,2297.0,0.08222365406643757,0.18024168236032642
2012 May 18,2399.0,0.08587485681557847,0.18824544883866917
2012 May 19,2136.0,0.07646048109965636,0.16760828625235405
2012 May 20,2262.0,0.08097079037800688,0.17749529190207156
2012 May 21,1612.0,0.057703321878579614,0.12649089767733834
2012 May 22,629.0,0.022515750286368843,0.04935655994978029
2012 May 23,2042.0,0.07309564719358534,0.16023226616446956
2012 May 24,2103.0,0.07527920962199312,0.16501883239171375
2012 May 25,2180.0,0.07803550973654066,0.17106089139987446
2012 May 26,2070.0,0.0740979381443299,0.16242937853107345
2012 May 27,2532.0,0.09063573883161512,0.19868173258003766
2012 May 28,2316.0,0.08290378006872852,0.1817325800376648
2012 May 29,2066.0,0.07395475372279496,0.16211550533584432
2012 May 30,2158.0,0.07724799541809851,0.16933458882611424
2012 May 31,2425.0,0.08680555555555555,0.1902856246076585
2012 November 01,2804.0,0.10037227949599084,0.22002510985561832
2012 November 02,2427.0,0.08687714776632302,0.19044256120527306
2012 November 03,2390.0,0.08555269186712486,0.18753923414940363
2012 November 04,1938.0,0.06937285223367698,0.15207156308851225
2012 November 05,2321.0,0.08308276059564719,0.1821249215317012
2012 November 06,2175.0,0.077856529209622,0.17066854990583805
2012 November 07,1166.0,0.04173825887743413,0.09149403640929064
2012 November 08,810.0,0.028994845360824743,0.0635593220338983
2012 November 09,2223.0,0.07957474226804123,0.17443502824858756
2012 November 10,2265.0,0.08107817869415808,0.1777306967984934
2012 November 11,2296.0,0.08218785796105384,0.18016321406151914
2012 November 12,2614.0,0.09357101947308133,0.20511613308223478
2012 November 13,1206.0,0.043170103092783504,0.09463276836158192
2012 November 14,2149.0,0.0769258304696449,0.16862837413684872
2012 November 15,1972.0,0.07058991981672394,0.15473948524795983
2012 November 16,2193.0,0.07850085910652921,0.1720809792843691
2012 November 17,1737.0,0.06217783505154639,0.1362994350282486
2012 November 18,1546.0,0.05534077892325315,0.12131198995605776
2012 November 19,1824.0,0.06529209621993128,0.1431261770244821
2012 November 20,1912.0,0.06844215349369989,0.15003138731952292
2012 November 21,1567.0,0.05609249713631157,0.12295982423101068
2012 November 22,843.0,0.030176116838487973,0.0661487758945386
2012 November 23,1252.0,0.04481672394043528,0.09824231010671688
2012 November 24,760.0,0.02720504009163803,0.05963590709353421
2012 November 25,501.0,0.017933848797250858,0.03931261770244821
2012 November 26,1216.0,0.043528064146620846,0.09541745134965474
2012 November 27,754.0,0.026990263459335626,0.05916509730069052
2012 November 28,844.0,0.030211912943871707,0.06622724419334589
2012 October 01,3010.0,0.1077462772050401,0.2361895794099184
2012 October 02,2390.0,0.08555269186712486,0.18753923414940363
2012 October 03,2455.0,0.08787943871706758,0.19263967357187697
2012 October 04,2552.0,0.0913516609392898,0.2002510985561833
2012 October 05,3699.0,0.132409793814433,0.2902542372881356
2012 October 06,2790.0,0.09987113402061856,0.2189265536723164
2012 October 07,1974.0,0.07066151202749141,0.1548964218455744
2012 October 08,2394.0,0.0856958762886598,0.18785310734463276
2012 October 09,2643.0,0.09460910652920962,0.20739171374764595
2012 October 10,1698.0,0.060781786941580755,0.1332391713747646
2012 October 11,2934.0,0.10502577319587629,0.23022598870056496
2012 October 12,2411.0,0.08630441008018327,0.18918706842435656
2012 October 13,1952.0,0.06987399770904926,0.15317011927181418
2012 October 14,1451.0,0.0519401489117984,0.11385750156936597
2012 October 15,2978.0,0.10660080183276059,0.23367859384808537
2012 October 16,2801.0,0.10026489117983964,0.21978970495919647
2012 October 17,2750.0,0.09843928980526918,0.2157878217200251
2012 October 18,3085.0,0.11043098510882016,0.24207470182046453
2012 October 19,2298.0,0.0822594501718213,0.1803201506591337
2012 October 20,3512.0,0.12571592210767468,0.2755806654111739
2012 October 21,2692.0,0.0963631156930126,0.21123666038920277
2012 October 22,3008.0,0.10767468499427263,0.23603264281230382
2012 October 23,3138.0,0.11232817869415808,0.24623352165725046
2012 October 24,2872.0,0.10280641466208476,0.2253609541745135
2012 October 25,3037.0,0.10871277205040092,0.238308223477715
2012 October 26,3473.0,0.12431987399770905,0.2725204017576899
2012 October 27,2661.0,0.09525343642611683,0.208804143126177
2012 October 28,1165.0,0.0417024627720504,0.09141556811048336
2012 October 29,72.0,0.002577319587628866,0.005649717514124294
2012 October 30,896.0,0.032073310423825885,0.07030759573132454
2012 October 31,2568.0,0.09192439862542956,0.2015065913370998
2012 September 01,2834.0,0.10144616265750286,0.22237915881983678
2012 September 02,3055.0,0.10935710194730813,0.23972065285624608
2012 September 03,2881.0,0.10312857961053837,0.22606716886377903
2012 September 04,1559.0,0.0558061282932417,0.12233207784055242
2012 September 05,2169.0,0.07764175257731959,0.17019774011299435
2012 September 06,3178.0,0.11376002290950744,0.24937225360954174
2012 September 07,2945.0,0.10541953035509737,0.23108913998744507
2012 September 08,2395.0,0.08573167239404353,0.18793157564344004
2012 September 09,2548.0,0.09120847651775486,0.19993722536095418
2012 September 10,2865.0,0.10255584192439862,0.2248116760828625
2012 September 11,3389.0,0.12131300114547537,0.26592906465787824
2012 September 12,3408.0,0.12199312714776632,0.2674199623352166
2012 September 13,3508.0,0.12557273768613975,0.27526679221594474
2012 September 14,3678.0,0.13165807560137457,0.2886064030131827
2012 September 15,2951.0,0.10563430698739977,0.23155994978028877
2012 September 16,2899.0,0.1037729095074456,0.2274795982423101
2012 September 17,3192.0,0.11426116838487972,0.2504708097928437
2012 September 18,2750.0,0.09843928980526918,0.2157878217200251
2012 September 19,3165.0,0.1132946735395189,0.2483521657250471
2012 September 20,3192.0,0.11426116838487972,0.2504708097928437
2012 September 21,3186.0,0.11404639175257732,0.25
2012 September 22,2880.0,0.10309278350515463,0.22598870056497175
2012 September 23,2790.0,0.09987113402061856,0.2189265536723164
2012 September 24,3038.0,0.10874856815578465,0.23838669177652227
2012 September 25,3288.0,0.11769759450171821,0.2580037664783427
2012 September 26,3032.0,0.10853379152348225,0.2379158819836786
2012 September 27,3383.0,0.12109822451317297,0.26545825486503455
2012 September 28,1044.0,0.037371134020618556,0.08192090395480225
2012 September 29,1768.0,0.06328751431844215,0.13873195229127433
2012 September 30,1240.0,0.04438717067583047,0.0973006905210295
2013 April 02,851.0,0.030462485681557846,0.06677652228499686
2013 April 03,1150.0,0.04116552119129439,0.09023854362837413
2013 April 04,1601.0,0.05730956471935853,0.12562774639045826
2013 April 05,1884.0,0.06743986254295532,0.147834274952919
2013 April 06,1390.0,0.049756586483390604,0.10907093534212178
2013 April 07,1307.0,0.046785509736540665,0.10255806654111739
2013 April 08,2361.0,0.08451460481099657,0.18526365348399246
2013 April 09,2488.0,0.08906071019473082,0.19522912743251727
2013 April 10,2222.0,0.0795389461626575,0.17435655994978028
2013 April 11,2108.0,0.0754581901489118,0.16541117388575016
2013 April 12,938.0,0.033576746849942725,0.07360326428123039
2013 April 13,1979.0,0.07084049255441008,0.1552887633396108
2013 April 14,1869.0,0.06690292096219931,0.1466572504708098
2013 April 15,2749.0,0.09840349369988545,0.21570935342121783
2013 April 16,2449.0,0.08766466208476517,0.19216886377903328
2013 April 17,2982.0,0.10674398625429553,0.2339924670433145
2013 April 18,2864.0,0.10252004581901489,0.22473320778405526
2013 April 19,406.0,0.014533218785796106,0.031858129315756434
2013 April 20,2234.0,0.07996849942726231,0.17529817953546767
2013 April 21,2434.0,0.08712772050400916,0.19099183929692404
2013 April 22,2584.0,0.0924971363115693,0.20276208411801633
2013 April 23,1086.0,0.038874570446735396,0.0852165725047081
2013 April 24,2936.0,0.10509736540664376,0.23038292529817953
2013 April 25,2963.0,0.10606386025200458,0.23250156936597616
2013 April 26,3178.0,0.11376002290950744,0.24937225360954174
2013 April 27,3346.0,0.1197737686139748,0.2625549278091651
2013 April 28,3265.0,0.11687428407789233,0.25619899560577525
2013 April 29,3193.0,0.11429696449026346,0.25054927809165095
2013 April 30,3282.0,0.1174828178694158,0.2575329566854991
2013 August 01,5009.0,0.17930269186712486,0.39304770872567485
2013 August 02,4506.0,0.16129725085910654,0.3535781544256121
2013 August 03,4613.0,0.1651274341351661,0.3619742623979912
2013 August 04,4628.0,0.1656643757159221,0.36315128688010045
2013 August 05,5227.0,0.18710624284077892,0.41015379786566225
2013 August 06,5268.0,0.18857388316151202,0.4133709981167608
2013 August 07,5246.0,0.18778636884306987,0.41164469554300065
2013 August 08,4899.0,0.17536512027491408,0.3844161958568738
2013 August 09,1962.0,0.0702319587628866,0.153954802259887
2013 August 10,4665.0,0.16698883161512026,0.3660546139359699
2013 August 11,4523.0,0.16190578465063002,0.35491211550533586
2013 August 12,5235.0,0.1873926116838488,0.4107815442561205
2013 August 13,4827.0,0.17278780068728522,0.3787664783427495
2013 August 14,5466.0,0.1956615120274914,0.4289077212806026
2013 August 15,5435.0,0.19455183276059565,0.4264752040175769
2013 August 16,5425.0,0.1941938717067583,0.42569052102950405
2013 August 17,4596.0,0.1645189003436426,0.3606403013182674
2013 August 18,4251.0,0.15216924398625428,0.3335687382297552
2013 August 19,5218.0,0.18678407789232532,0.40944758317639673
2013 August 20,5203.0,0.1862471363115693,0.4082705586942875
2013 August 21,5185.0,0.1856028064146621,0.40685812931575643
2013 August 22,5053.0,0.18087772050400916,0.39650031387319523
2013 August 23,5095.0,0.182381156930126,0.39979598242310105
2013 August 24,4583.0,0.16405355097365407,0.35962021343377276
2013 August 25,4372.0,0.15650057273768614,0.3430634023854363
2013 August 26,4520.0,0.16179839633447882,0.354676710608914
2013 August 27,5129.0,0.18359822451317298,0.40246390458254866
2013 August 28,5448.0,0.1950171821305842,0.4274952919020716
2013 August 29,4370.0,0.15642898052691867,0.34290646578782175
2013 August 30,5094.0,0.18234536082474226,0.3997175141242938
2013 August 31,3560.0,0.12743413516609392,0.2793471437539234
2013 July 01,3907.0,0.13985538373424972,0.3065756434400502
2013 July 02,4356.0,0.1559278350515464,0.3418079096045198
2013 July 03,4687.0,0.16777634593356242,0.36778091650973005
2013 July 04,4129.0,0.14780211912943872,0.3239956057752668
2013 July 05,3649.0,0.13061998854524628,0.2863308223477715
2013 July 06,3437.0,0.12303121420389461,0.26969554300062776
2013 July 07,2825.0,0.10112399770904926,0.22167294413057126
2013 July 08,4462.0,0.1597222222222222,0.35012554927809164
2013 July 09,4853.0,0.1737184994272623,0.38080665411173886
2013 July 10,4419.0,0.15818298969072164,0.3467514124293785
2013 July 11,4460.0,0.15965063001145474,0.3499686126804771
2013 July 12,5216.0,0.18671248568155785,0.40929064657878217
2013 July 13,4239.0,0.15173969072164947,0.3326271186440678
2013 July 14,4053.0,0.14508161512027493,0.3180320150659134
2013 July 15,4675.0,0.1673467926689576,0.3668392969240427
2013 July 16,4870.0,0.1743270332187858,0.38214061519146264
2013 July 17,4882.0,0.1747565864833906,0.38308223477715003
2013 July 18,4711.0,0.16863545246277206,0.36966415568110483
2013 July 19,4279.0,0.15317153493699887,0.33576585059635905
2013 July 20,3517.0,0.12589490263459335,0.2759730069052103
2013 July 21,4175.0,0.1494487399770905,0.32760514752040176
2013 July 22,5054.0,0.1809135166093929,0.3965787821720025
2013 July 23,2641.0,0.09453751431844215,0.20723477715003139
2013 July 24,5170.0,0.18506586483390608,0.4056811048336472
2013 July 25,3276.0,0.1172680412371134,0.2570621468926554
2013 July 26,2367.0,0.08472938144329897,0.18573446327683615
2013 July 27,4292.0,0.1536368843069874,0.33678593848085375
2013 July 28,3940.0,0.14103665521191294,0.30916509730069053
2013 July 29,4503.0,0.16118986254295534,0.3533427495291902
2013 July 30,5544.0,0.19845360824742267,0.4350282485875706
2013 July 31,5494.0,0.19666380297823596,0.43110483364720653
2013 June 01,3141.0,0.11243556701030928,0.2464689265536723
2013 June 02,3220.0,0.11526345933562429,0.25266792215944756
2013 June 03,2521.0,0.09024198167239404,0.19781858129315757
2013 June 04,4377.0,0.1566795532646048,0.3434557438794727
2013 June 05,4498.0,0.16101088201603667,0.3529504080351538
2013 June 06,4388.0,0.15707331042382588,0.3443188951663528
2013 June 07,650.0,0.023267468499427263,0.051004394224733206
2013 June 08,3114.0,0.11146907216494846,0.2443502824858757
2013 June 09,4008.0,0.14347079037800686,0.3145009416195857
2013 June 10,3098.0,0.1108963344788087,0.2430947897049592
2013 June 11,2267.0,0.08114977090492555,0.17788763339610797
2013 June 12,4027.0,0.1441509163802978,0.31599183929692404
2013 June 13,2474.0,0.08855956471935854,0.19413057124921532
2013 June 14,3117.0,0.11157646048109966,0.24458568738229755
2013 June 15,4120.0,0.1474799541809851,0.32328939108600124
2013 June 16,3297.0,0.11801975945017182,0.2587099811676083
2013 June 17,3383.0,0.12109822451317297,0.26545825486503455
2013 June 18,3213.0,0.11501288659793814,0.2521186440677966
2013 June 19,4923.0,0.17622422680412372,0.3862994350282486
2013 June 20,4924.0,0.17626002290950746,0.38637790332705585
2013 June 21,4831.0,0.17293098510882016,0.37908035153797864
2013 June 22,3913.0,0.14007016036655212,0.3070464532328939
2013 June 23,3877.0,0.1387815005727377,0.30422159447583175
2013 June 24,3986.0,0.1426832760595647,0.3127746390458255
2013 June 25,4363.0,0.15617840778923253,0.34235718769617074
2013 June 26,3945.0,0.1412156357388316,0.3095574387947269
2013 June 27,3900.0,0.13960481099656358,0.3060263653483992
2013 June 28,3949.0,0.14135882016036655,0.30987131198995604
2013 June 29,3877.0,0.1387815005727377,0.30422159447583175
2013 June 30,3984.0,0.14261168384879724,0.3126177024482109
2013 May 01,3163.0,0.11322308132875143,0.24819522912743253
2013 May 02,3287.0,0.11766179839633448,0.25792529817953547
2013 May 03,3287.0,0.11766179839633448,0.25792529817953547
2013 May 04,3160.0,0.11311569301260023,0.24795982423101068
2013 May 05,2949.0,0.1055627147766323,0.2314030131826742
2013 May 06,3107.0,0.11121849942726231,0.24380100439422472
2013 May 07,3812.0,0.13645475372279495,0.29912115505335846
2013 May 08,3107.0,0.11121849942726231,0.24380100439422472
2013 May 09,2026.0,0.0725229095074456,0.15897677338355304
2013 May 10,4203.0,0.15045103092783504,0.3298022598870056
2013 May 11,2317.0,0.08293957617411225,0.18181104833647208
2013 May 12,2480.0,0.08877434135166094,0.194601381042059
2013 May 13,3449.0,0.12346076746849943,0.27063716258631515
2013 May 14,3331.0,0.11923682703321879,0.26137790332705585
2013 May 15,3294.0,0.11791237113402062,0.2584745762711864
2013 May 16,4204.0,0.15048682703321878,0.32988072818581293
2013 May 17,4201.0,0.15037943871706758,0.3296453232893911
2013 May 18,3721.0,0.13319730813287514,0.2919805398618958
2013 May 19,2756.0,0.09865406643757159,0.2162586315128688
2013 May 20,3273.0,0.1171606529209622,0.2568267419962335
2013 May 21,3395.0,0.12152777777777778,0.2663998744507219
2013 May 22,3305.0,0.11830612829324169,0.25933772755806656
2013 May 23,3347.0,0.11980956471935854,0.26263339610797237
2013 May 24,2080.0,0.07445589919816724,0.16321406151914628
2013 May 25,831.0,0.02974656357388316,0.06520715630885122
2013 May 26,1876.0,0.06715349369988545,0.14720652856246078
2013 May 27,3569.0,0.12775630011454753,0.28005335844318896
2013 May 28,4171.0,0.14930555555555555,0.32729127432517263
2013 May 29,2741.0,0.09811712485681558,0.21508160703075957
2013 May 30,3845.0,0.1376360252004582,0.30171060891399876
2013 May 31,4045.0,0.14479524627720505,0.3174042686754551
2013 November 01,4063.0,0.14543957617411227,0.3188166980539862
2013 November 02,4785.0,0.1712843642611684,0.3754708097928437
2013 November 03,2004.0,0.07173539518900343,0.15725047080979285
2013 November 04,3407.0,0.12195733104238259,0.2673414940364093
2013 November 05,3841.0,0.13749284077892326,0.3013967357187696
2013 November 06,4123.0,0.14758734249713631,0.3235247959824231
2013 November 07,2684.0,0.09607674684994273,0.2106089139987445
2013 November 08,3644.0,0.13044100801832761,0.2859384808537351
2013 November 09,2405.0,0.08608963344788087,0.18871625863151287
2013 November 10,2342.0,0.0838344788087056,0.18377275580665411
2013 November 11,3175.0,0.11365263459335624,0.2491368487131199
2013 November 12,2376.0,0.08505154639175258,0.1864406779661017
2013 November 13,2823.0,0.10105240549828179,0.2215160075329567
2013 November 14,3279.0,0.1173754295532646,0.2572975517890772
2013 November 15,4005.0,0.14336340206185566,0.3142655367231638
2013 November 16,3126.0,0.11189862542955327,0.2452919020715631
2013 November 17,2223.0,0.07957474226804123,0.17443502824858756
2013 November 18,3194.0,0.11433276059564719,0.25062774639045826
2013 November 19,2744.0,0.09822451317296678,0.21531701192718142
2013 November 20,2544.0,0.09106529209621993,0.19962335216572505
2013 November 21,2546.0,0.0911368843069874,0.19978028876333961
2013 November 22,1528.0,0.054696449026345934,0.11989956057752668
2013 November 23,1535.0,0.05494702176403207,0.12044883866917765
2013 November 24,682.0,0.02441294387170676,0.05351537978656623
2013 November 25,1364.0,0.04882588774341352,0.10703075957313246
2013 November 26,1370.0,0.04904066437571592,0.10750156936597614
2013 November 27,363.0,0.012993986254295533,0.028483992467043313
2013 November 28,167.0,0.005977949599083619,0.01310420590081607
2013 November 29,245.0,0.008770045819014891,0.019224733207784055
2013 November 30,257.0,0.009199599083619702,0.020166352793471436
2013 October 01,5364.0,0.19201030927835053,0.4209039548022599
2013 October 02,5456.0,0.19530355097365407,0.42812303829252984
2013 October 03,5598.0,0.20038659793814434,0.4392655367231638
2013 October 04,5096.0,0.18241695303550973,0.39987445072190836
2013 October 05,4589.0,0.16426832760595647,0.36009102322661646
2013 October 06,1568.0,0.056128293241695305,0.12303829252981795
2013 October 07,4384.0,0.15693012600229095,0.34400502197112365
2013 October 08,5205.0,0.18631872852233677,0.4084274952919021
2013 October 09,5004.0,0.1791237113402062,0.3926553672316384
2013 October 10,5080.0,0.18184421534936998,0.39861895794099184
2013 October 11,5029.0,0.18001861397479954,0.39461707470182045
2013 October 12,2990.0,0.1070303550973654,0.23462021343377276
2013 October 13,3992.0,0.14289805269186712,0.31324544883866917
2013 October 14,4207.0,0.15059421534936998,0.33011613308223475
2013 October 15,4951.0,0.17722651775486828,0.38849654739485245
2013 October 16,4973.0,0.17801403207331043,0.3902228499686127
2013 October 17,5078.0,0.1817726231386025,0.39846202134337727
2013 October 18,5484.0,0.19630584192439862,0.4303201506591337
2013 October 19,5114.0,0.18306128293241694,0.40128688010043945
2013 October 20,4247.0,0.15202605956471935,0.33325486503452606
2013 October 21,4884.0,0.17482817869415807,0.3832391713747646
2013 October 22,4971.0,0.17794243986254296,0.3900659133709981
2013 October 23,4845.0,0.17343213058419243,0.3801789077212806
2013 October 24,4794.0,0.171606529209622,0.3761770244821092
2013 October 25,4234.0,0.1515607101947308,0.3322347771500314
2013 October 26,3078.0,0.11018041237113402,0.24152542372881355
2013 October 27,2928.0,0.10481099656357389,0.2297551789077213
2013 October 28,4073.0,0.1457975372279496,0.319601381042059
2013 October 29,4039.0,0.14458046964490265,0.31693345888261143
2013 October 30,3902.0,0.13967640320733105,0.3061833019460138
2013 October 31,4032.0,0.14432989690721648,0.3163841807909605
2013 September 01,2611.0,0.09346363115693013,0.20488072818581293
2013 September 02,3322.0,0.11891466208476517,0.26067168863779033
2013 September 03,4932.0,0.17654639175257733,0.3870056497175141
2013 September 04,5351.0,0.19154495990836198,0.41988386691776525
2013 September 05,4521.0,0.16183419243986255,0.3547551789077213
2013 September 06,5199.0,0.18610395189003437,0.4079566854990584
2013 September 07,4582.0,0.16401775486827033,0.35954174513496545
2013 September 08,3846.0,0.13767182130584193,0.301789077212806
2013 September 09,4990.0,0.1786225658648339,0.39155681104833645
2013 September 10,4685.0,0.16770475372279495,0.3676239799121155
2013 September 11,5076.0,0.18170103092783504,0.3983050847457627
2013 September 12,4980.0,0.17826460481099657,0.3907721280602637
2013 September 13,4106.0,0.14697880870561283,0.3221908349026993
2013 September 14,4571.0,0.16362399770904926,0.35867859384808537
2013 September 15,4537.0,0.1624069301260023,0.3560106716886378
2013 September 16,4647.0,0.16634450171821305,0.3646421845574388
2013 September 17,5368.0,0.19215349369988546,0.421217827997489
2013 September 18,5284.0,0.18914662084765177,0.41462649089767734
2013 September 19,5437.0,0.19462342497136312,0.42663214061519145
2013 September 20,5558.0,0.19895475372279495,0.43612680477087257
2013 September 21,4495.0,0.16090349369988546,0.35271500313873194
2013 September 22,3568.0,0.1277205040091638,0.27997489014438165
2013 September 23,4905.0,0.17557989690721648,0.3848870056497175
2013 September 24,5004.0,0.1791237113402062,0.3926553672316384
2013 September 25,5037.0,0.1803049828178694,0.3952448210922787
2013 September 26,5225.0,0.18703465063001146,0.4099968612680477
2013 September 27,5127.0,0.18352663230240548,0.4023069679849341
2013 September 28,4566.0,0.1634450171821306,0.358286252354049
2013 September 29,3786.0,0.13552405498281786,0.2970809792843691
2013 September 30,4817.0,0.17242983963344788,0.3779817953546767
